id	label
4877	:Cell
7585	others
859	:Space
857	:Space
7586	others
856	:Space
7582	others
858	:Space
1134	:HandRail:Wall
1140	:CurtainWall:Wall
1125	:HandRail:Wall
5671	:ThermalComfort
7581	others
5856	:ThermalComfort
5657	:ThermalComfort
1127	:CurtainWall:Wall
1130	:SolidWall:Wall
1157	:SolidWall:Wall
5639	:ThermalComfort
5679	:ThermalComfort
1143	:CurtainWall:Wall
1145	:CurtainWall:Wall
1142	:CurtainWall:Wall
5651	:ThermalComfort
1144	:CurtainWall:Wall
1128	:SolidWall:Wall
855	:Space
1161	:SolidWall:Wall
1165	:SolidWall:Wall
5625	:ThermalComfort
1136	:HandRail:Wall
5616	:ThermalComfort
1146	:CurtainWall:Wall
1156	:SolidWall:Wall
1154	:SolidWall:Wall
1139	:CurtainWall:Wall
1151	:HandRail:Wall
1153	:SolidWall:Wall
5820	:ThermalComfort
1141	:CurtainWall:Wall
1147	:CurtainWall:Wall
1162	:SolidWall:Wall
1164	:SolidWall:Wall
1181	:AirCond
1129	:SolidWall:Wall
1180	:AirCond
1166	:SolidWall:Wall
1126	:HandRail:Wall
1167	:AirCond
1172	:AirCond
1170	:AirCond
1179	:AirCond
1178	:AirCond
5756	:ThermalComfort
1168	:AirCond
1169	:AirCond
1171	:AirCond
1173	:AirCond
1174	:AirCond
1135	:HandRail:Wall
1132	:HandRail:Wall
1131	:SolidWall:Wall
1163	:SolidWall:Wall
1138	:HandRail:Wall
1177	:AirCond
1175	:AirCond
1176	:AirCond
1150	:HandRail:Wall
1160	:SolidWall:Wall
1133	:HandRail:Wall
1323	:Door
1155	:SolidWall:Wall
1317	:Door
1186	:DiningTable:Furniture
1318	:Door
1121	:Fan
1207	:Furniture:MultiTable
1119	:Fan
1124	:Fan
1123	:Fan
1190	:DiningTable:Furniture
1192	:DiningTable:Furniture
1211	:Desk:Furniture
1120	:Fan
1306	:Desk:Furniture
1122	:Fan
1148	:CurtainWall:Wall
1118	:Fan
2917	:Cell
1322	:Door
2902	:Cell
1116	:Fan
1117	:Fan
1319	:Door
2914	:Cell
1158	:SolidWall:Wall
1321	:Door
823	:Cell
1364	:Cell
1366	:Cell
1159	:SolidWall:Wall
1320	:Door
1208	:Desk:Furniture
1215	:Desk:Furniture
2901	:Cell
1307	:Desk:Furniture
2897	:Cell
828	:Cell
1302	:Desk:Furniture
2913	:Cell
820	:Cell
2869	:Cell
1212	:Desk:Furniture
1210	:Desk:Furniture
1305	:Desk:Furniture
2928	:Cell
1303	:Desk:Furniture
1152	:HandRail:Wall
851	:Cell
2926	:Cell
822	:Cell
2911	:Cell
2898	:Cell
1191	:DiningTable:Furniture
1418	:Cell
4973	:Cell
1385	:Cell
849	:Cell
844	:Cell
821	:Cell
538	:Cell
537	:Cell
842	:Cell
3115	:Cell
487	:Cell
1396	:Cell
1417	:Cell
824	:Cell
1340	:Cell
2885	:Cell
1218	:DiningTable:Furniture
1805	:Cell
2929	:Cell
1374	:Cell
1365	:Cell
1372	:Cell
826	:Cell
1419	:Cell
1414	:Cell
2919	:Cell
2916	:Cell
1216	:DiningTable:Furniture
2903	:Cell
2930	:Cell
1206	:DiningTable:Furniture
848	:Cell
1684	:Cell
1648	:Cell
1795	:Cell
727	:Cell
42	:Cell
1205	:DiningTable:Furniture
2918	:Cell
2927	:Cell
542	:Cell
45	:Cell
1204	:DiningTable:Furniture
1644	:Cell
4976	:Cell
2896	:Cell
1196	:DiningTable:Furniture
846	:Cell
1549	:Cell
480	:Cell
827	:Cell
731	:Cell
2912	:Cell
1623	:Cell
30	:Cell
1388	:Cell
771	:Cell
1691	:Cell
853	:Cell
852	:Cell
159	:Cell
488	:Cell
1137	:HandRail:Wall
1686	:Cell
1643	:Cell
3162	:Cell
773	:Cell
2669	:Cell
1380	:Cell
1197	:DiningTable:Furniture
730	:Cell
770	:Cell
3161	:Cell
726	:Cell
1794	:Cell
1804	:Cell
1550	:Cell
854	:Cell
1807	:Cell
1377	:Cell
825	:Cell
783	:Cell
1809	:Cell
33	:Cell
1384	:Cell
2695	:Cell
1198	:DiningTable:Furniture
486	:Cell
1193	:DiningTable:Furniture
2266	:Cell
2699	:Cell
1812	:Cell
2666	:Cell
2943	:Cell
2962	:Cell
3105	:Cell
1358	:Cell
1808	:Cell
1705	:Cell
2886	:Cell
1383	:Cell
2667	:Cell
2945	:Cell
1570	:Cell
3158	:Cell
2668	:Cell
1382	:Cell
1412	:Cell
1779	:Cell
3157	:Cell
786	:Cell
1803	:Cell
772	:Cell
1811	:Cell
1432	:Cell
845	:Cell
819	:Cell
1421	:Cell
24	:Cell
1775	:Cell
1308	:Desk:Furniture
1621	:Cell
1403	:Cell
3117	:Cell
44	:Cell
2226	:Cell
2944	:Cell
1446	:Cell
3107	:Cell
1789	:Cell
48	:Cell
2961	:Cell
1460	:Cell
1209	:Desk:Furniture
1917	:Cell
558	:Cell
840	:Cell
2894	:Cell
554	:Cell
570	:Cell
1426	:Cell
1331	:Cell
3116	:Cell
4777	:Cell
555	:Cell
4640	:Cell
755	:Cell
3134	:Cell
3183	:Cell
748	:Cell
3103	:Cell
1733	:Cell
1558	:Cell
553	:Cell
766	:Cell
571	:Cell
3045	:Cell
43	:Cell
4981	:Cell
1785	:Cell
1304	:Desk:Furniture
513	:Cell
36	:Cell
757	:Cell
850	:Cell
785	:Cell
2665	:Cell
562	:Cell
1332	:Cell
569	:Cell
1669	:Cell
2206	:Cell
41	:Cell
1649	:Cell
3150	:Cell
738	:Cell
1787	:Cell
4845	:Cell
781	:Cell
2910	:Cell
2704	:Cell
3159	:Cell
536	:Cell
1326	:Cell
756	:Cell
567	:Cell
1404	:Cell
2634	:Cell
2326	:Cell
843	:Cell
1301	:Desk:Furniture
27	:Cell
1793	:Cell
574	:Cell
1537	:Cell
762	:Cell
1729	:Cell
761	:Cell
1368	:Cell
1376	:Cell
2694	:Cell
478	:Cell
479	:Cell
1488	:Cell
39	:Cell
3131	:Cell
784	:Cell
1780	:Cell
485	:Cell
516	:Cell
3133	:Cell
552	:Cell
747	:Cell
1777	:Cell
3142	:Cell
1860	:Cell
2853	:Cell
3030	:Cell
3102	:Cell
1348	:Cell
575	:Cell
22	:Cell
2933	:Cell
1356	:Cell
1791	:Cell
2703	:Cell
1670	:Cell
561	:Cell
4709	:Cell
1339	:Cell
798	:Cell
559	:Cell
544	:Cell
551	:Cell
729	:Cell
1420	:Cell
1861	:Cell
1214	:Desk:Furniture
3118	:Cell
573	:Cell
754	:Cell
1771	:Cell
782	:Cell
1814	:Cell
3140	:Cell
3124	:Cell
1663	:Cell
1347	:Cell
171	:Cell
1586	:Cell
2697	:Cell
746	:Cell
1728	:Cell
1213	:Desk:Furniture
3132	:Cell
568	:Cell
2846	:Cell
2845	:Cell
1754	:Cell
482	:Cell
1799	:Cell
543	:Cell
34	:Cell
2306	:Cell
1367	:Cell
1415	:Cell
1429	:Cell
3119	:Cell
2942	:Cell
2696	:Cell
481	:Cell
512	:Cell
2700	:Cell
1685	:Cell
3104	:Cell
1763	:Cell
3061	:Cell
2698	:Cell
1776	:Cell
833	:Cell
3090	:Cell
1796	:Cell
1375	:Cell
2633	:Cell
3106	:Cell
572	:Cell
514	:Cell
1430	:Cell
2842	:Cell
1564	:Cell
774	:Cell
29	:Cell
742	:Cell
2702	:Cell
483	:Cell
4564	:Cell
3126	:Cell
758	:Cell
1447	:Cell
2881	:Cell
760	:Cell
2975	:Cell
3127	:Cell
1325	:Cell
2882	:Cell
4869	:Cell
4893	:Cell
2286	:Cell
2671	:Cell
1449	:Cell
1783	:Cell
2701	:Cell
3128	:Cell
737	:Cell
1667	:Cell
1810	:Cell
1324	:Cell
740	:Cell
4971	:Cell
1314	:Desk:Furniture
829	:Cell
1786	:Cell
484	:Cell
2839	:Cell
3184	:Cell
1707	:Cell
3191	:Cell
1540	:Cell
4846	:Cell
546	:Cell
25	:Cell
734	:Cell
3111	:Cell
1518	:Cell
3123	:Cell
4975	:Cell
4868	:Cell
2900	:Cell
830	:Cell
4598	:Cell
831	:Cell
1529	:Cell
3147	:Cell
2946	:Cell
1561	:Cell
1571	:Cell
1427	:Cell
1801	:Cell
565	:Cell
744	:Cell
1797	:Cell
579	:Cell
1734	:Cell
1413	:Cell
1405	:Cell
2631	:Cell
2895	:Cell
1672	:Cell
1423	:Cell
732	:Cell
751	:Cell
563	:Cell
515	:Cell
1718	:Cell
778	:Cell
1664	:Cell
847	:Cell
799	:Cell
1628	:Cell
4847	:Cell
3046	:Cell
40	:Cell
1749	:Cell
1327	:Cell
743	:Cell
1800	:Cell
2629	:Cell
1898	:Cell
3182	:Cell
1739	:Cell
1371	:Cell
3151	:Cell
3062	:Cell
28	:Cell
1911	:Cell
1755	:Cell
1624	:Cell
23	:Cell
788	:Cell
3324	:Cell
4686	:Cell
4559	:Cell
836	:Cell
1711	:Cell
2892	:Cell
752	:Cell
4972	:Cell
1726	:Cell
2852	:Cell
1762	:Cell
1184	:Furniture:MultiTable
834	:Cell
1788	:Cell
2638	:Cell
1714	:Cell
1645	:Cell
2345	:Cell
1904	:Cell
2949	:Cell
1901	:Cell
1560	:Cell
2870	:Cell
4754	:Cell
1422	:Cell
739	:Cell
1792	:Cell
548	:Cell
1693	:Cell
1708	:Cell
578	:Cell
564	:Cell
1353	:Cell
741	:Cell
2642	:Cell
725	:Cell
1655	:Cell
2346	:Cell
4731	:Cell
1842	:Cell
38	:Cell
765	:Cell
1712	:Cell
1538	:Cell
1697	:Cell
2637	:Cell
566	:Cell
476	:Cell
3101	:Cell
1393	:Cell
764	:Cell
1798	:Cell
728	:Cell
1395	:Cell
1864	:Cell
1627	:Cell
2588	:Cell
1806	:Cell
1342	:Cell
3122	:Cell
3160	:Cell
1389	:Cell
2630	:Cell
4977	:Cell
3698	:Cell
461	:Cell
1565	:Cell
539	:Cell
2664	:Cell
1802	:Cell
2645	:Cell
1865	:Cell
1727	:Cell
2364	:Cell
517	:Cell
3063	:Cell
1581	:Cell
1386	:Cell
1696	:Cell
1665	:Cell
3141	:Cell
2854	:Cell
3144	:Cell
4732	:Cell
3129	:Cell
556	:Cell
1698	:Cell
1544	:Cell
795	:Cell
1690	:Cell
2641	:Cell
560	:Cell
1543	:Cell
2997	:Cell
4708	:Cell
3156	:Cell
518	:Cell
3137	:Cell
2646	:Cell
4916	:Cell
2385	:Cell
3163	:Cell
1551	:Cell
3108	:Cell
535	:Cell
471	:Cell
207	:Cell
2365	:Cell
796	:Cell
3013	:Cell
1311	:Desk:Furniture
47	:Cell
2654	:Cell
2246	:Cell
1766	:Cell
3092	:Cell
787	:Cell
1850	:Cell
1381	:Cell
1912	:Cell
3130	:Cell
1390	:Cell
3070	:Cell
3154	:Cell
750	:Cell
4778	:Cell
3257	:Cell
550	:Cell
1773	:Cell
1845	:Cell
1849	:Cell
577	:Cell
1666	:Cell
1756	:Cell
2998	:Cell
3069	:Cell
1523	:Cell
1692	:Cell
3149	:Cell
547	:Cell
1687	:Cell
31	:Cell
1781	:Cell
2891	:Cell
776	:Cell
231	:Cell
3089	:Cell
1774	:Cell
4950	:Cell
1852	:Cell
3100	:Cell
464	:Cell
3077	:Cell
467	:Cell
3145	:Cell
1784	:Cell
1757	:Cell
4752	:Cell
2899	:Cell
2720	:Cell
837	:Cell
1441	:Cell
2626	:Cell
1862	:Cell
3659	:Cell
1897	:Cell
1854	:Cell
55	:Cell
1428	:Cell
780	:Cell
576	:Cell
1425	:Cell
474	:Cell
2959	:Cell
2915	:Cell
2672	:Cell
3164	:Cell
3093	:Cell
4969	:Cell
3148	:Cell
477	:Cell
1753	:Cell
3120	:Cell
777	:Cell
759	:Cell
4125	:Cell
1185	:Furniture:MultiTable
1772	:Cell
469	:Cell
3658	:Cell
195	:Cell
1841	:Cell
1856	:Cell
1566	:Cell
2925	:Cell
2384	:Cell
3138	:Cell
1450	:Cell
1782	:Cell
2185	:Cell
3146	:Cell
1444	:Cell
1846	:Cell
219	:Cell
1748	:Cell
793	:Cell
1829	:Cell
1416	:Cell
2844	:Cell
2931	:Cell
809	:Cell
1398	:Cell
4891	:Cell
1361	:Cell
1867	:Cell
1907	:Cell
4662	:Cell
1769	:Cell
2375	:Cell
800	:Cell
4968	:Cell
1747	:Cell
736	:Cell
2843	:Cell
1459	:Cell
4597	:Cell
1752	:Cell
1768	:Cell
2994	:Cell
1905	:Cell
1859	:Cell
791	:Cell
1345	:Cell
769	:Cell
4663	:Cell
1866	:Cell
1334	:Cell
2965	:Cell
534	:Cell
2840	:Cell
3076	:Cell
1530	:Cell
1541	:Cell
2884	:Cell
3110	:Cell
26	:Cell
1556	:Cell
1661	:Cell
4643	:Cell
4707	:Cell
4974	:Cell
4165	:Cell
1187	:DiningTable:Furniture
1580	:Cell
3136	:Cell
1765	:Cell
4737	:Cell
4970	:Cell
1539	:Cell
2652	:Cell
56	:Cell
4801	:Cell
1654	:Cell
35	:Cell
2879	:Cell
4567	:Cell
1916	:Cell
4979	:Cell
2893	:Cell
841	:Cell
1357	:Cell
1746	:Cell
1717	:Cell
2653	:Cell
1431	:Cell
1682	:Cell
1914	:Cell
2650	:Cell
1333	:Cell
1813	:Cell
1761	:Cell
1516	:Cell
3087	:Cell
1582	:Cell
1758	:Cell
808	:Cell
32	:Cell
724	:Cell
133	:Cell
3097	:Cell
4983	:Cell
3029	:Cell
2835	:Cell
540	:Cell
2887	:Cell
153	:Cell
2909	:Cell
1738	:Cell
1913	:Cell
3695	:Cell
733	:Cell
2947	:Cell
3152	:Cell
4562	:Cell
4978	:Cell
4982	:Cell
3284	:Cell
4730	:Cell
801	:Cell
1341	:Cell
3155	:Cell
2802	:Cell
1579	:Cell
2640	:Cell
4980	:Cell
1908	:Cell
1709	:Cell
1359	:Cell
1424	:Cell
1517	:Cell
3095	:Cell
49	:Cell
156	:Cell
812	:Cell
3530	:Cell
4685	:Cell
2639	:Cell
1915	:Cell
4569	:Cell
1735	:Cell
2625	:Cell
4892	:Cell
2963	:Cell
1853	:Cell
2649	:Cell
2001	:Cell
1677	:Cell
1519	:Cell
790	:Cell
2632	:Cell
5017	:Cell
4808	:Cell
745	:Cell
1587	:Cell
549	:Cell
1576	:Cell
1392	:Cell
1719	:Cell
1843	:Cell
2062	:Cell
2648	:Cell
3272	:Cell
4601	:Cell
1731	:Cell
1713	:Cell
815	:Cell
2125	:Cell
1363	:Cell
3192	:Cell
1706	:Cell
735	:Cell
37	:Cell
2166	:Cell
1839	:Cell
1676	:Cell
832	:Cell
5040	:Cell
1671	:Cell
1522	:Cell
1863	:Cell
3818	:Cell
2377	:Cell
1760	:Cell
1524	:Cell
4639	:Cell
545	:Cell
4556	:Cell
1508	:Cell
3014	:Cell
1391	:Cell
1946	:Cell
2644	:Cell
1600	:Cell
807	:Cell
1840	:Cell
1528	:Cell
794	:Cell
1656	:Cell
2623	:Cell
3098	:Cell
1688	:Cell
749	:Cell
1906	:Cell
1373	:Cell
3067	:Cell
1588	:Cell
1890	:Cell
1545	:Cell
753	:Cell
1525	:Cell
3073	:Cell
1790	:Cell
3153	:Cell
3212	:Cell
803	:Cell
3139	:Cell
4736	:Cell
220	:Cell
3230	:Cell
1851	:Cell
1720	:Cell
1903	:Cell
1642	:Cell
2624	:Cell
1351	:Cell
15	:Cell
142	:Cell
1650	:Cell
1350	:Cell
2905	:Cell
2477	:Cell
53	:Cell
2663	:Cell
768	:Cell
763	:Cell
2712	:Cell
839	:Cell
3114	:Cell
2609	:Cell
1740	:Cell
4877	:Cell
1195	:DiningTable:Furniture
4660	:Cell
3080	:Cell
4416	:Cell
813	:Cell
1900	:Cell
3081	:Cell
2875	:Cell
1767	:Cell
1909	:Cell
4758	:Cell
4044	:Cell
1387	:Cell
3143	:Cell
2670	:Cell
2106	:Cell
1732	:Cell
2366	:Cell
2367	:Cell
789	:Cell
46	:Cell
3075	:Cell
2849	:Cell
472	:Cell
2685	:Cell
814	:Cell
4287	:Cell
3085	:Cell
3325	:Cell
2607	:Cell
1352	:Cell
1487	:Cell
3310	:Cell
2707	:Cell
489	:Cell
1895	:Cell
2374	:Cell
2589	:Cell
2711	:Cell
3662	:Cell
2848	:Cell
2381	:Cell
14	:Cell
4867	:Cell
2715	:Cell
4949	:Cell
2708	:Cell
1622	:Cell
3064	:Cell
3249	:Cell
2969	:Cell
160	:Cell
3290	:Cell
2627	:Cell
1892	:Cell
3176	:Cell
3248	:Cell
4995	:Cell
1844	:Cell
1675	:Cell
3245	:Cell
3169	:Cell
2982	:Cell
196	:Cell
4759	:Cell
232	:Cell
1668	:Cell
2806	:Cell
2380	:Cell
4178	:Cell
1379	:Cell
1397	:Cell
3135	:Cell
3078	:Cell
4755	:Cell
2383	:Cell
475	:Cell
3338	:Cell
2379	:Cell
2386	:Cell
3434	:Cell
2907	:Cell
816	:Cell
1824	:Cell
2847	:Cell
1203	:DiningTable:Furniture
1442	:Cell
1770	:Cell
468	:Cell
2059	:Cell
3079	:Cell
3170	:Cell
3168	:Cell
2673	:Cell
1360	:Cell
2693	:Cell
2838	:Cell
792	:Cell
2956	:Cell
4298	:Cell
4376	:Cell
527	:Cell
2551	:Cell
3938	:Cell
2706	:Cell
124	:Cell
2378	:Cell
3072	:Cell
3664	:Cell
403	:Cell
1945	:Cell
1857	:Cell
1329	:Cell
76	:Cell
1408	:Cell
2285	:Cell
50	:Cell
2940	:Cell
1750	:Cell
4246	:Cell
3322	:Cell
2126	:Cell
402	:Cell
4670	:Cell
2851	:Cell
4951	:Cell
70	:Cell
2606	:Cell
94	:Cell
61	:Cell
404	:Cell
779	:Cell
100	:Cell
2941	:Cell
525	:Cell
3125	:Cell
797	:Cell
532	:Cell
2705	:Cell
4	:Cell
2978	:Cell
1555	:Cell
1370	:Cell
3066	:Cell
4667	:Cell
557	:Cell
158	:Cell
1454	:Cell
1535	:Cell
2376	:Cell
3099	:Cell
1710	:Cell
1891	:Cell
3185	:Cell
1548	:Cell
85	:Cell
1355	:Cell
4637	:Cell
1330	:Cell
2635	:Cell
4739	:Cell
2057	:Cell
4684	:Cell
2373	:Cell
5041	:Cell
2889	:Cell
2958	:Cell
1497	:Cell
1503	:Cell
2876	:Cell
2874	:Cell
3203	:Cell
528	:Cell
1778	:Cell
2713	:Cell
3091	:Cell
470	:Cell
2976	:Cell
3	:Cell
260	:Cell
4563	:Cell
152	:Cell
4620	:Cell
1681	:Cell
1848	:Cell
2960	:Cell
1858	:Cell
1369	:Cell
4844	:Cell
5087	:Cell
4164	:Cell
2904	:Cell
1730	:Cell
2890	:Cell
1226	:Chair:Furniture
1660	:Cell
3661	:Cell
1759	:Cell
4014	:Cell
1826	:Cell
2922	:Cell
2382	:Cell
2719	:Cell
4729	:Cell
511	:Cell
463	:Cell
3088	:Cell
1847	:Cell
4638	:Cell
3175	:Cell
4058	:Cell
4666	:Cell
499	:Cell
183	:Cell
1825	:Cell
327	:Cell
1819	:Cell
2968	:Cell
118	:Cell
4045	:Cell
3218	:Cell
2403	:Cell
109	:Cell
4247	:Cell
498	:Cell
2085	:Cell
1751	:Cell
1868	:Cell
1440	:Cell
524	:Cell
1559	:Cell
1896	:Cell
123	:Cell
3694	:Cell
5086	:Cell
1855	:Cell
4706	:Cell
2977	:Cell
4775	:Cell
3094	:Cell
1674	:Cell
1592	:Cell
3109	:Cell
2058	:Cell
2888	:Cell
1651	:Cell
4804	:Cell
4286	:Cell
2716	:Cell
69	:Cell
462	:Cell
1764	:Cell
3096	:Cell
1443	:Cell
4824	:Cell
4984	:Cell
1899	:Cell
1335	:Cell
2608	:Cell
4621	:Cell
1189	:DiningTable:Furniture
473	:Cell
2951	:Cell
154	:Cell
1567	:Cell
1902	:Cell
529	:Cell
497	:Cell
530	:Cell
1337	:Cell
1832	:Cell
531	:Cell
1346	:Cell
3606	:Cell
405	:Cell
4124	:Cell
2932	:Cell
4560	:Cell
4915	:Cell
1629	:Cell
1225	:Chair:Furniture
4917	:Cell
2643	:Cell
1445	:Cell
1502	:Cell
4715	:Cell
2934	:Cell
1362	:Cell
2611	:Cell
411	:Cell
1699	:Cell
2868	:Cell
4555	:Cell
1546	:Cell
2647	:Cell
802	:Cell
4594	:Cell
1562	:Cell
2651	:Cell
4561	:Cell
1695	:Cell
835	:Cell
1833	:Cell
2950	:Cell
3281	:Cell
4948	:Cell
805	:Cell
603	:Cell
3084	:Cell
4800	:Cell
1703	:Cell
66	:Cell
3687	:Cell
602	:Cell
1585	:Cell
2636	:Cell
3112	:Cell
4753	:Cell
2628	:Cell
1399	:Cell
767	:Cell
526	:Cell
3623	:Cell
2597	:Cell
1725	:Cell
2604	:Cell
1828	:Cell
4805	:Cell
4137	:Cell
2146	:Cell
91	:Cell
2569	:Cell
4870	:Cell
1741	:Cell
523	:Cell
1736	:Cell
1716	:Cell
2590	:Cell
3200	:Cell
1411	:Cell
3602	:Cell
2571	:Cell
2836	:Cell
3309	:Cell
1745	:Cell
2610	:Cell
2612	:Cell
1458	:Cell
596	:Cell
4007	:Cell
1575	:Cell
692	:Cell
3924	:Cell
1400	:Cell
2570	:Cell
261	:Cell
51	:Cell
4854	:Cell
2599	:Cell
2205	:Cell
3917	:Cell
2245	:Cell
806	:Cell
1472	:Cell
3239	:Cell
2371	:Cell
804	:Cell
2801	:Cell
2369	:Cell
466	:Cell
339	:Cell
3210	:Cell
2841	:Cell
689	:Cell
3253	:Cell
2598	:Cell
3332	:Cell
2605	:Cell
2600	:Cell
2859	:Cell
4198	:Cell
2344	:Cell
294	:Cell
1406	:Cell
4946	:Cell
3294	:Cell
1349	:Cell
3320	:Cell
2586	:Cell
2596	:Cell
1343	:Cell
4337	:Cell
1683	:Cell
3616	:Cell
2601	:Cell
1344	:Cell
1974	:Cell
3071	:Cell
3677	:Cell
4922	:Cell
1894	:Cell
3321	:Cell
120	:Cell
3121	:Cell
3226	:Cell
3858	:Cell
3323	:Cell
3613	:Cell
1313	:Desk:Furniture
490	:Cell
3928	:Cell
1893	:Cell
2878	:Cell
1554	:Cell
57	:Cell
2603	:Cell
2002	:Cell
130	:Cell
4923	:Cell
2721	:Cell
145	:Cell
4015	:Cell
3263	:Cell
3266	:Cell
2165	:Cell
3678	:Cell
2739	:Cell
2086	:Cell
1910	:Cell
3738	:Cell
3369	:Cell
4785	:Cell
4996	:Cell
21	:Cell
2030	:Cell
3244	:Cell
2440	:Cell
3190	:Cell
2661	:Cell
2615	:Cell
2621	:Cell
2265	:Cell
533	:Cell
2614	:Cell
3778	:Cell
460	:Cell
4760	:Cell
3626	:Cell
4324	:Cell
4378	:Cell
2873	:Cell
3201	:Cell
3674	:Cell
3166	:Cell
1577	:Cell
3252	:Cell
2981	:Cell
1456	:Cell
1182	:Furniture:Sofa
2368	:Cell
3296	:Cell
4831	:Cell
2225	:Cell
4498	:Cell
3401	:Cell
1639	:Cell
1636	:Cell
1973	:Cell
3622	:Cell
2031	:Cell
2908	:Cell
3237	:Cell
1486	:Cell
4623	:Cell
4784	:Cell
1637	:Cell
4279	:Cell
4853	:Cell
106	:Cell
4205	:Cell
2613	:Cell
4852	:Cell
3302	:Cell
4994	:Cell
3289	:Cell
4217	:Cell
3935	:Cell
3083	:Cell
184	:Cell
2924	:Cell
155	:Cell
2105	:Cell
4692	:Cell
2906	:Cell
4669	:Cell
3082	:Cell
2145	:Cell
4377	:Cell
4415	:Cell
157	:Cell
3639	:Cell
121	:Cell
4661	:Cell
2803	:Cell
4017	:Cell
1702	:Cell
54	:Cell
4497	:Cell
2983	:Cell
3432	:Cell
2863	:Cell
3199	:Cell
2620	:Cell
3699	:Cell
269	:Cell
1183	:Furniture:Sofa
4084	:Cell
3209	:Cell
4876	:Cell
2834	:Cell
208	:Cell
3857	:Cell
3315	:Cell
292	:Cell
103	:Cell
4417	:Cell
3193	:Cell
3086	:Cell
2514	:Cell
3217	:Cell
2970	:Cell
127	:Cell
3997	:Cell
67	:Cell
3562	:Cell
4098	:Cell
4830	:Cell
4457	:Cell
690	:Cell
4136	:Cell
4008	:Cell
4646	:Cell
3675	:Cell
4445	:Cell
117	:Cell
1919	:Cell
2675	:Cell
4325	:Cell
4864	:Cell
3898	:Cell
2967	:Cell
2871	:Cell
4160	:Cell
4618	:Cell
3026	:Cell
3280	:Cell
3777	:Cell
2186	:Cell
3998	:Cell
3887	:Cell
604	:Cell
2938	:Cell
1572	:Cell
4899	:Cell
4239	:Cell
5042	:Cell
4297	:Cell
3615	:Cell
2029	:Cell
3498	:Cell
3927	:Cell
3625	:Cell
3684	:Cell
2061	:Cell
115	:Cell
1680	:Cell
2592	:Cell
3685	:Cell
3165	:Cell
1602	:Cell
2063	:Cell
5023	:Cell
3301	:Cell
4776	:Cell
2877	:Cell
2594	:Cell
4257	:Cell
1378	:Cell
4795	:Cell
2939	:Cell
2837	:Cell
3466	:Cell
3665	:Cell
2591	:Cell
397	:Cell
2804	:Cell
4537	:Cell
3316	:Cell
3221	:Cell
1918	:Cell
1354	:Cell
2923	:Cell
1451	:Cell
3612	:Cell
2714	:Cell
3934	:Cell
336	:Cell
1409	:Cell
775	:Cell
3402	:Cell
112	:Cell
2595	:Cell
2602	:Cell
88	:Cell
1604	:Cell
2991	:Cell
3236	:Cell
1452	:Cell
3337	:Cell
3657	:Cell
1742	:Cell
580	:Cell
3734	:Cell
79	:Cell
3656	:Cell
148	:Cell
3688	:Cell
1448	:Cell
3254	:Cell
2768	:Cell
4900	:Cell
4716	:Cell
1662	:Cell
2880	:Cell
3655	:Cell
3605	:Cell
1557	:Cell
2372	:Cell
2999	:Cell
3594	:Cell
136	:Cell
519	:Cell
4338	:Cell
3978	:Cell
4593	:Cell
3194	:Cell
810	:Cell
63	:Cell
221	:Cell
4757	:Cell
16	:Cell
3603	:Cell
4939	:Cell
4005	:Cell
2404	:Cell
4578	:Cell
170	:Cell
5105	:Cell
4458	:Cell
3925	:Cell
2921	:Cell
2937	:Cell
2964	:Cell
4762	:Cell
2617	:Cell
1603	:Cell
4624	:Cell
4004	:Cell
2920	:Cell
2993	:Cell
5085	:Cell
2065	:Cell
1822	:Cell
2936	:Cell
838	:Cell
715	:Cell
2572	:Cell
3261	:Cell
2618	:Cell
1534	:Cell
4055	:Cell
1453	:Cell
4018	:Cell
4761	:Cell
1593	:Cell
4890	:Cell
3465	:Cell
4600	:Cell
1491	:Cell
2710	:Cell
509	:Cell
3923	:Cell
4914	:Cell
3370	:Cell
2060	:Cell
4054	:Cell
2325	:Cell
4576	:Cell
817	:Cell
3638	:Cell
4681	:Cell
3897	:Cell
1489	:Cell
64	:Cell
3275	:Cell
4538	:Cell
3219	:Cell
4138	:Cell
1830	:Cell
4940	:Cell
1591	:Cell
4558	:Cell
4057	:Cell
4622	:Cell
2992	:Cell
4418	:Cell
3171	:Cell
172	:Cell
4525	:Cell
406	:Cell
4683	:Cell
702	:Cell
97	:Cell
1827	:Cell
2305	:Cell
328	:Cell
3918	:Cell
522	:Cell
4177	:Cell
4085	:Cell
114	:Cell
3433	:Cell
4486	:Cell
2858	:Cell
5	:Cell
4218	:Cell
1820	:Cell
1616	:Cell
5109	:Cell
4258	:Cell
4865	:Cell
1821	:Cell
139	:Cell
699	:Cell
701	:Cell
3660	:Cell
2769	:Cell
5088	:Cell
1835	:Cell
2718	:Cell
337	:Cell
3113	:Cell
4713	:Cell
3977	:Cell
1816	:Cell
1217	:DiningTable:Furniture
4735	:Cell
4615	:Cell
4647	:Cell
1312	:Desk:Furniture
73	:Cell
399	:Cell
1607	:Cell
3696	:Cell
3679	:Cell
2979	:Cell
4644	:Cell
1224	:Chair:Furniture
2952	:Cell
4335	:Cell
5090	:Cell
3010	:Cell
4825	:Cell
1659	:Cell
4536	:Cell
593	:Cell
2370	:Cell
4693	:Cell
5024	:Cell
594	:Cell
410	:Cell
259	:Cell
5089	:Cell
4875	:Cell
4296	:Cell
2064	:Cell
465	:Cell
1743	:Cell
395	:Cell
4617	:Cell
4097	:Cell
4128	:Cell
3228	:Cell
510	:Cell
4727	:Cell
4375	:Cell
4938	:Cell
3561	:Cell
1944	:Cell
4295	:Cell
1514	:Cell
4714	:Cell
4772	:Cell
3529	:Cell
2674	:Cell
2709	:Cell
1223	:Chair:Furniture
4577	:Cell
3251	:Cell
408	:Cell
1638	:Cell
1457	:Cell
2974	:Cell
4570	:Cell
4096	:Cell
4796	:Cell
4403	:Cell
3737	:Cell
5025	:Cell
4599	:Cell
3174	:Cell
3654	:Cell
2935	:Cell
1	:Cell
1744	:Cell
4823	:Cell
3258	:Cell
4557	:Cell
3663	:Cell
4705	:Cell
1482	:Cell
1492	:Cell
4625	:Cell
1724	:Cell
2582	:Cell
4568	:Cell
2363	:Cell
1615	:Cell
4848	:Cell
2593	:Cell
1336	:Cell
2552	:Cell
1455	:Cell
4935	:Cell
4779	:Cell
1609	:Cell
5110	:Cell
3227	:Cell
3304	:Cell
4575	:Cell
4756	:Cell
1439	:Cell
2948	:Cell
4665	:Cell
4918	:Cell
2850	:Cell
541	:Cell
3686	:Cell
4485	:Cell
1689	:Cell
4924	:Cell
4571	:Cell
2347	:Cell
3271	:Cell
3926	:Cell
4566	:Cell
4827	:Cell
5022	:Cell
5018	:Cell
1737	:Cell
1630	:Cell
2857	:Cell
407	:Cell
1831	:Cell
2144	:Cell
1646	:Cell
4828	:Cell
2855	:Cell
3303	:Cell
4166	:Cell
3474	:Cell
619	:Cell
3028	:Cell
1869	:Cell
263	:Cell
82	:Cell
4412	:Cell
4773	:Cell
2561	:Cell
3643	:Cell
3646	:Cell
3288	:Cell
4199	:Cell
1870	:Cell
635	:Cell
2985	:Cell
2830	:Cell
2798	:Cell
2740	:Cell
378	:Cell
173	:Cell
4283	:Cell
1506	:Cell
2686	:Cell
2817	:Cell
2745	:Cell
361	:Cell
2535	:Cell
105	:Cell
2966	:Cell
4750	:Cell
4275	:Cell
2748	:Cell
409	:Cell
287	:Cell
2795	:Cell
4278	:Cell
2583	:Cell
2954	:Cell
3317	:Cell
3702	:Cell
1975	:Cell
2387	:Cell
618	:Cell
3036	:Cell
2805	:Cell
2587	:Cell
3331	:Cell
3479	:Cell
4822	:Cell
4565	:Cell
62	:Cell
4829	:Cell
1402	:Cell
2757	:Cell
3894	:Cell
4284	:Cell
4259	:Cell
1328	:Cell
2724	:Cell
665	:Cell
197	:Cell
4019	:Cell
2184	:Cell
3189	:Cell
4738	:Cell
3279	:Cell
267	:Cell
122	:Cell
3634	:Cell
3614	:Cell
3859	:Cell
3979	:Cell
293	:Cell
3553	:Cell
2731	:Cell
4285	:Cell
3435	:Cell
3308	:Cell
4717	:Cell
2728	:Cell
3718	:Cell
5102	:Cell
2423	:Cell
3044	:Cell
3666	:Cell
2327	:Cell
2749	:Cell
670	:Cell
4987	:Cell
134	:Cell
2124	:Cell
4195	:Cell
372	:Cell
3607	:Cell
4351	:Cell
2560	:Cell
5016	:Cell
343	:Cell
3216	:Cell
3291	:Cell
4364	:Cell
4988	:Cell
4496	:Cell
3211	:Cell
3964	:Cell
3877	:Cell
4878	:Cell
104	:Cell
2568	:Cell
3882	:Cell
2439	:Cell
2765	:Cell
2028	:Cell
2478	:Cell
326	:Cell
3715	:Cell
168	:Cell
2562	:Cell
2580	:Cell
2107	:Cell
382	:Cell
4243	:Cell
2406	:Cell
4328	:Cell
365	:Cell
2578	:Cell
4806	:Cell
4317	:Cell
4943	:Cell
345	:Cell
4161	:Cell
2953	:Cell
669	:Cell
3819	:Cell
3701	:Cell
811	:Cell
2515	:Cell
2767	:Cell
2764	:Cell
4245	:Cell
677	:Cell
713	:Cell
3033	:Cell
4006	:Cell
3017	:Cell
3683	:Cell
3330	:Cell
4809	:Cell
585	:Cell
3399	:Cell
2407	:Cell
1601	:Cell
3538	:Cell
3705	:Cell
4782	:Cell
1527	:Cell
4152	:Cell
1401	:Cell
2785	:Cell
2773	:Cell
2304	:Cell
2770	:Cell
3700	:Cell
3389	:Cell
709	:Cell
425	:Cell
4783	:Cell
4602	:Cell
4276	:Cell
3676	:Cell
3180	:Cell
2584	:Cell
3368	:Cell
289	:Cell
1461	:Cell
1947	:Cell
2207	:Cell
2498	:Cell
346	:Cell
634	:Cell
275	:Cell
4947	:Cell
2563	:Cell
3051	:Cell
2566	:Cell
2579	:Cell
2826	:Cell
3475	:Cell
415	:Cell
8	:Cell
4288	:Cell
5013	:Cell
2558	:Cell
4659	:Cell
2813	:Cell
3314	:Cell
2828	:Cell
1578	:Cell
151	:Cell
5039	:Cell
3496	:Cell
2687	:Cell
4372	:Cell
1573	:Cell
3856	:Cell
3074	:Cell
1536	:Cell
3362	:Cell
4131	:Cell
311	:Cell
4200	:Cell
268	:Cell
3975	:Cell
2772	:Cell
4499	:Cell
230	:Cell
3467	:Cell
2513	:Cell
520	:Cell
3645	:Cell
3895	:Cell
227	:Cell
437	:Cell
329	:Cell
597	:Cell
4299	:Cell
3922	:Cell
3431	:Cell
440	:Cell
3319	:Cell
4214	:Cell
3247	:Cell
2723	:Cell
1200	:DiningTable:Furniture
3300	:Cell
3172	:Cell
1495	:Cell
2689	:Cell
4194	:Cell
4236	:Cell
4919	:Cell
3968	:Cell
4952	:Cell
1921	:Cell
4963	:Cell
3220	:Cell
3648	:Cell
2827	:Cell
161	:Cell
1553	:Cell
1930	:Cell
68	:Cell
1433	:Cell
2032	:Cell
3047	:Cell
4294	:Cell
2955	:Cell
426	:Cell
4362	:Cell
206	:Cell
4171	:Cell
335	:Cell
3167	:Cell
358	:Cell
2812	:Cell
3225	:Cell
4244	:Cell
3024	:Cell
3703	:Cell
4456	:Cell
1505	:Cell
2690	:Cell
4888	:Cell
2496	:Cell
3714	:Cell
2821	:Cell
1658	:Cell
3919	:Cell
2476	:Cell
4896	:Cell
2324	:Cell
3727	:Cell
1679	:Cell
3186	:Cell
288	:Cell
4611	:Cell
3804	:Cell
2825	:Cell
1922	:Cell
2797	:Cell
164	:Cell
2832	:Cell
2421	:Cell
4468	:Cell
2559	:Cell
590	:Cell
1515	:Cell
2681	:Cell
3967	:Cell
3358	:Cell
433	:Cell
2862	:Cell
654	:Cell
3878	:Cell
92	:Cell
1500	:Cell
5104	:Cell
3034	:Cell
2424	:Cell
143	:Cell
1889	:Cell
4807	:Cell
125	:Cell
1620	:Cell
222	:Cell
4358	:Cell
4208	:Cell
4365	:Cell
4401	:Cell
5008	:Cell
4781	:Cell
1929	:Cell
384	:Cell
185	:Cell
2574	:Cell
417	:Cell
4274	:Cell
86	:Cell
3724	:Cell
3292	:Cell
2534	:Cell
4235	:Cell
494	:Cell
2577	:Cell
4327	:Cell
4404	:Cell
681	:Cell
2554	:Cell
1199	:DiningTable:Furniture
305	:Cell
3360	:Cell
1201	:DiningTable:Furniture
377	:Cell
615	:Cell
3264	:Cell
132	:Cell
5101	:Cell
4991	:Cell
1722	:Cell
3611	:Cell
272	:Cell
3637	:Cell
3344	:Cell
4371	:Cell
3506	:Cell
398	:Cell
711	:Cell
2756	:Cell
4099	:Cell
2796	:Cell
1504	:Cell
716	:Cell
2808	:Cell
366	:Cell
638	:Cell
2819	:Cell
4315	:Cell
3717	:Cell
3255	:Cell
3339	:Cell
4635	:Cell
4993	:Cell
4459	:Cell
137	:Cell
4088	:Cell
818	:Cell
3283	:Cell
451	:Cell
209	:Cell
492	:Cell
413	:Cell
2761	:Cell
2003	:Cell
3510	:Cell
1477	:Cell
138	:Cell
362	:Cell
1598	:Cell
74	:Cell
1815	:Cell
270	:Cell
296	:Cell
3846	:Cell
77	:Cell
4336	:Cell
338	:Cell
4047	:Cell
323	:Cell
2735	:Cell
3285	:Cell
290	:Cell
1407	:Cell
3262	:Cell
3400	:Cell
3511	:Cell
4318	:Cell
333	:Cell
1569	:Cell
710	:Cell
1935	:Cell
4179	:Cell
2164	:Cell
508	:Cell
5043	:Cell
95	:Cell
3342	:Cell
705	:Cell
2127	:Cell
98	:Cell
4038	:Cell
723	:Cell
3234	:Cell
4197	:Cell
2741	:Cell
3207	:Cell
2087	:Cell
2872	:Cell
4645	:Cell
2717	:Cell
5068	:Cell
2307	:Cell
1410	:Cell
1927	:Cell
424	:Cell
650	:Cell
3270	:Cell
458	:Cell
3779	:Cell
2556	:Cell
389	:Cell
2585	:Cell
2807	:Cell
340	:Cell
4851	:Cell
264	:Cell
414	:Cell
666	:Cell
452	:Cell
3363	:Cell
5070	:Cell
4895	:Cell
3388	:Cell
3068	:Cell
4962	:Cell
2752	:Cell
4648	:Cell
3647	:Cell
3497	:Cell
2776	:Cell
3644	:Cell
2744	:Cell
1721	:Cell
298	:Cell
429	:Cell
4942	:Cell
439	:Cell
2753	:Cell
2816	:Cell
2247	:Cell
4966	:Cell
4349	:Cell
601	:Cell
83	:Cell
459	:Cell
5084	:Cell
2581	:Cell
3725	:Cell
592	:Cell
304	:Cell
380	:Cell
456	:Cell
4769	:Cell
3937	:Cell
3345	:Cell
3886	:Cell
2227	:Cell
4392	:Cell
4770	:Cell
2034	:Cell
2564	:Cell
4887	:Cell
2831	:Cell
2957	:Cell
3246	:Cell
2410	:Cell
2557	:Cell
3571	:Cell
3336	:Cell
308	:Cell
3963	:Cell
52	:Cell
3041	:Cell
392	:Cell
2727	:Cell
4280	:Cell
4037	:Cell
3240	:Cell
3939	:Cell
3065	:Cell
4992	:Cell
4411	:Cell
3563	:Cell
71	:Cell
165	:Cell
4254	:Cell
4256	:Cell
2781	:Cell
1700	:Cell
2224	:Cell
595	:Cell
4204	:Cell
714	:Cell
4129	:Cell
3957	:Cell
2800	:Cell
316	:Cell
1626	:Cell
693	:Cell
1640	:Cell
246	:Cell
4215	:Cell
291	:Cell
4360	:Cell
4901	:Cell
4379	:Cell
1608	:Cell
1704	:Cell
3959	:Cell
442	:Cell
2461	:Cell
1509	:Cell
4911	:Cell
3025	:Cell
1936	:Cell
3343	:Cell
3728	:Cell
2734	:Cell
1507	:Cell
1494	:Cell
2033	:Cell
3531	:Cell
321	:Cell
4866	:Cell
4248	:Cell
3009	:Cell
4363	:Cell
4539	:Cell
2766	:Cell
446	:Cell
4528	:Cell
393	:Cell
4920	:Cell
4237	:Cell
2567	:Cell
3974	:Cell
443	:Cell
3552	:Cell
1925	:Cell
2864	:Cell
386	:Cell
2789	:Cell
2679	:Cell
347	:Cell
2573	:Cell
4588	:Cell
245	:Cell
3181	:Cell
2730	:Cell
3276	:Cell
108	:Cell
521	:Cell
5027	:Cell
4590	:Cell
1521	:Cell
1484	:Cell
72	:Cell
9	:Cell
2066	:Cell
3222	:Cell
4587	:Cell
4159	:Cell
4832	:Cell
2553	:Cell
646	:Cell
4548	:Cell
2460	:Cell
102	:Cell
4531	:Cell
4255	:Cell
600	:Cell
4527	:Cell
1599	:Cell
1338	:Cell
4850	:Cell
2973	:Cell
2287	:Cell
2187	:Cell
4350	:Cell
5108	:Cell
334	:Cell
4516	:Cell
3539	:Cell
2550	:Cell
1836	:Cell
2497	:Cell
3499	:Cell
5112	:Cell
3293	:Cell
4089	:Cell
1920	:Cell
1475	:Cell
312	:Cell
631	:Cell
5100	:Cell
1653	:Cell
381	:Cell
3371	:Cell
3560	:Cell
341	:Cell
450	:Cell
1470	:Cell
2555	:Cell
4219	:Cell
685	:Cell
3965	:Cell
642	:Cell
401	:Cell
3447	:Cell
4353	:Cell
325	:Cell
2616	:Cell
4967	:Cell
3391	:Cell
2244	:Cell
4484	:Cell
4763	:Cell
4657	:Cell
2147	:Cell
4451	:Cell
3390	:Cell
3403	:Cell
703	:Cell
3958	:Cell
4228	:Cell
3776	:Cell
4192	:Cell
5014	:Cell
80	:Cell
2810	:Cell
271	:Cell
4352	:Cell
4997	:Cell
266	:Cell
3235	:Cell
432	:Cell
5103	:Cell
5028	:Cell
1194	:DiningTable:Furniture
4780	:Cell
0	:Cell
4747	:Cell
3346	:Cell
306	:Cell
4389	:Cell
1469	:Cell
3736	:Cell
4740	:Cell
273	:Cell
4277	:Cell
4658	:Cell
2820	:Cell
3202	:Cell
1923	:Cell
107	:Cell
3231	:Cell
3265	:Cell
3022	:Cell
4613	:Cell
4189	:Cell
309	:Cell
4641	:Cell
4921	:Cell
3297	:Cell
4238	:Cell
2056	:Cell
3006	:Cell
234	:Cell
167	:Cell
320	:Cell
2036	:Cell
1533	:Cell
3584	:Cell
3060	:Cell
1931	:Cell
2738	:Cell
84	:Cell
5113	:Cell
3198	:Cell
3282	:Cell
1511	:Cell
4518	:Cell
370	:Cell
4855	:Cell
2264	:Cell
353	:Cell
2809	:Cell
194	:Cell
218	:Cell
1678	:Cell
4172	:Cell
626	:Cell
4359	:Cell
2575	:Cell
390	:Cell
4898	:Cell
3274	:Cell
4339	:Cell
639	:Cell
376	:Cell
4523	:Cell
1473	:Cell
2458	:Cell
2533	:Cell
4016	:Cell
4176	:Cell
2692	:Cell
622	:Cell
3999	:Cell
704	:Cell
2204	:Cell
2000	:Cell
2990	:Cell
3704	:Cell
3885	:Cell
4841	:Cell
3884	:Cell
2729	:Cell
4467	:Cell
2619	:Cell
357	:Cell
400	:Cell
1928	:Cell
3739	:Cell
128	:Cell
1937	:Cell
4616	:Cell
2035	:Cell
1625	:Cell
2657	:Cell
5045	:Cell
2833	:Cell
2284	:Cell
233	:Cell
2565	:Cell
2658	:Cell
722	:Cell
708	:Cell
4786	:Cell
1467	:Cell
3415	:Cell
4508	:Cell
3888	:Cell
418	:Cell
2655	:Cell
3416	:Cell
4817	:Cell
330	:Cell
4126	:Cell
2576	:Cell
2861	:Cell
4120	:Cell
3357	:Cell
3039	:Cell
1972	:Cell
4390	:Cell
2405	:Cell
226	:Cell
1510	:Cell
3883	:Cell
4636	:Cell
3208	:Cell
2459	:Cell
3040	:Cell
2824	:Cell
3464	:Cell
721	:Cell
90	:Cell
342	:Cell
4936	:Cell
4314	:Cell
99	:Cell
4207	:Cell
630	:Cell
369	:Cell
349	:Cell
3347	:Cell
4964	:Cell
1723	:Cell
396	:Cell
4515	:Cell
3478	:Cell
3966	:Cell
78	:Cell
4728	:Cell
1478	:Cell
4751	:Cell
2622	:Cell
2408	:Cell
144	:Cell
213	:Cell
428	:Cell
313	:Cell
3008	:Cell
4526	:Cell
65	:Cell
5067	:Cell
4819	:Cell
4734	:Cell
4687	:Cell
2409	:Cell
4704	:Cell
2267	:Cell
1924	:Cell
2777	:Cell
116	:Cell
658	:Cell
421	:Cell
4206	:Cell
4446	:Cell
5098	:Cell
719	:Cell
4612	:Cell
146	:Cell
350	:Cell
607	:Cell
4230	:Cell
3311	:Cell
3570	:Cell
1474	:Cell
3259	:Cell
1394	:Cell
3273	:Cell
627	:Cell
1512	:Cell
140	:Cell
1476	:Cell
698	:Cell
2037	:Cell
81	:Cell
1471	:Cell
3241	:Cell
2742	:Cell
1485	:Cell
110	:Cell
2883	:Cell
3267	:Cell
1531	:Cell
420	:Cell
2684	:Cell
17	:Cell
394	:Cell
4910	:Cell
3817	:Cell
3763	:Cell
4048	:Cell
4682	:Cell
4535	:Cell
2495	:Cell
3243	:Cell
4519	:Cell
182	:Cell
3463	:Cell
707	:Cell
3528	:Cell
274	:Cell
4168	:Cell
1932	:Cell
297	:Cell
1635	:Cell
1496	:Cell
5111	:Cell
436	:Cell
455	:Cell
1926	:Cell
4802	:Cell
717	:Cell
13	:Cell
4151	:Cell
75	:Cell
4579	:Cell
3816	:Cell
3604	:Cell
4746	:Cell
4912	:Cell
4529	:Cell
4530	:Cell
169	:Cell
1493	:Cell
119	:Cell
4551	:Cell
3735	:Cell
4798	:Cell
4821	:Cell
4053	:Cell
3448	:Cell
1498	:Cell
4799	:Cell
4694	:Cell
332	:Cell
3260	:Cell
2688	:Cell
3593	:Cell
4419	:Cell
131	:Cell
447	:Cell
3387	:Cell
611	:Cell
359	:Cell
4216	:Cell
448	:Cell
225	:Cell
149	:Cell
58	:Cell
5069	:Cell
587	:Cell
4139	:Cell
4843	:Cell
495	:Cell
3007	:Cell
1552	:Cell
5044	:Cell
1479	:Cell
373	:Cell
5021	:Cell
87	:Cell
1513	:Cell
662	:Cell
4871	:Cell
4574	:Cell
3899	:Cell
2737	:Cell
3896	:Cell
385	:Cell
2760	:Cell
5026	:Cell
718	:Cell
2683	:Cell
4319	:Cell
1633	:Cell
2662	:Cell
444	:Cell
2	:Cell
141	:Cell
101	:Cell
3635	:Cell
1647	:Cell
4691	:Cell
354	:Cell
1483	:Cell
3627	:Cell
1701	:Cell
317	:Cell
4234	:Cell
2743	:Cell
2660	:Cell
3023	:Cell
4913	:Cell
4334	:Cell
4211	:Cell
4191	:Cell
324	:Cell
431	:Cell
3976	:Cell
1499	:Cell
3355	:Cell
3585	:Cell
319	:Cell
412	:Cell
4520	:Cell
3195	:Cell
3177	:Cell
4941	:Cell
302	:Cell
1938	:Cell
2104	:Cell
1940	:Cell
4524	:Cell
2532	:Cell
5099	:Cell
4671	:Cell
2167	:Cell
4874	:Cell
598	:Cell
4095	:Cell
4733	:Cell
1606	:Cell
5114	:Cell
1834	:Cell
300	:Cell
4121	:Cell
4402	:Cell
3595	:Cell
4591	:Cell
4547	:Cell
589	:Cell
93	:Cell
1941	:Cell
4897	:Cell
4059	:Cell
3250	:Cell
4532	:Cell
5019	:Cell
113	:Cell
3624	:Cell
2656	:Cell
89	:Cell
2441	:Cell
315	:Cell
4003	:Cell
3592	:Cell
422	:Cell
1501	:Cell
1933	:Cell
147	:Cell
706	:Cell
2084	:Cell
4158	:Cell
4442	:Cell
4668	:Cell
4894	:Cell
4056	:Cell
1480	:Cell
3173	:Cell
1532	:Cell
3764	:Cell
374	:Cell
4517	:Cell
1468	:Cell
301	:Cell
4491	:Cell
435	:Cell
6	:Cell
4710	:Cell
351	:Cell
3204	:Cell
2422	:Cell
7	:Cell
2823	:Cell
5061	:Cell
2682	:Cell
331	:Cell
111	:Cell
1634	:Cell
4135	:Cell
1818	:Cell
3213	:Cell
4797	:Cell
166	:Cell
3442	:Cell
3636	:Cell
4820	:Cell
3936	:Cell
496	:Cell
4522	:Cell
1939	:Cell
4664	:Cell
4240	:Cell
4229	:Cell
4552	:Cell
700	:Cell
3057	:Cell
2678	:Cell
491	:Cell
4521	:Cell
4842	:Cell
4077	:Cell
4127	:Cell
4818	:Cell
1481	:Cell
1694	:Cell
2996	:Cell
3473	:Cell
388	:Cell
355	:Cell
4450	:Cell
3792	:Cell
2150	:Cell
2860	:Cell
623	:Cell
1520	:Cell
3803	:Cell
3834	:Cell
1942	:Cell
673	:Cell
454	:Cell
2508	:Cell
2213	:Cell
4749	:Cell
4493	:Cell
4387	:Cell
5020	:Cell
4167	:Cell
2183	:Cell
4680	:Cell
1817	:Cell
1263	:Chair:Furniture
96	:Cell
2109	:Cell
1934	:Cell
2217	:Cell
2138	:Cell
1715	:Cell
4718	:Cell
4592	:Cell
2509	:Cell
3514	:Cell
4554	:Cell
4490	:Cell
4347	:Cell
4201	:Cell
4066	:Cell
4726	:Cell
2471	:Cell
2096	:Cell
5052	:Cell
4184	:Cell
4886	:Cell
3836	:Cell
4595	:Cell
3697	:Cell
2972	:Cell
3837	:Cell
2343	:Cell
1984	:Cell
4270	:Cell
4544	:Cell
2210	:Cell
2856	:Cell
2108	:Cell
5106	:Cell
2129	:Cell
2111	:Cell
4271	:Cell
2091	:Cell
2270	:Cell
1242	:Chair:Furniture
3890	:Cell
1964	:Cell
3546	:Cell
3942	:Cell
4405	:Cell
4407	:Cell
1286	:Chair:Furniture
2193	:Cell
3752	:Cell
3494	:Cell
2353	:Cell
2490	:Cell
5007	:Cell
2250	:Cell
2043	:Cell
4863	:Cell
2191	:Cell
2130	:Cell
2216	:Cell
4834	:Cell
3872	:Cell
4840	:Cell
5062	:Cell
4816	:Cell
1943	:Cell
2282	:Cell
2485	:Cell
2986	:Cell
5015	:Cell
4862	:Cell
1987	:Cell
2211	:Cell
2094	:Cell
2416	:Cell
3915	:Cell
3893	:Cell
3876	:Cell
1977	:Cell
2431	:Cell
1434	:Cell
2019	:Cell
4581	:Cell
2328	:Cell
3504	:Cell
4210	:Cell
4406	:Cell
2397	:Cell
4281	:Cell
2110	:Cell
4348	:Cell
2076	:Cell
4452	:Cell
2269	:Cell
3831	:Cell
3002	:Cell
3713	:Cell
2542	:Cell
3871	:Cell
4492	:Cell
4814	:Cell
2005	:Cell
3021	:Cell
2356	:Cell
2771	:Cell
4103	:Cell
3631	:Cell
4107	:Cell
2394	:Cell
1437	:Cell
3581	:Cell
2182	:Cell
2241	:Cell
5107	:Cell
4803	:Cell
4945	:Cell
3482	:Cell
5115	:Cell
4541	:Cell
4181	:Cell
4428	:Cell
3568	:Cell
3790	:Cell
3540	:Cell
2398	:Cell
2118	:Cell
2357	:Cell
3495	:Cell
4815	:Cell
4861	:Cell
2016	:Cell
4106	:Cell
2759	:Cell
3054	:Cell
2426	:Cell
3059	:Cell
1992	:Cell
248	:Cell
4187	:Cell
223	:Cell
2090	:Cell
2435	:Cell
2984	:Cell
4930	:Cell
5003	:Cell
5073	:Cell
2161	:Cell
2292	:Cell
2313	:Cell
3632	:Cell
2203	:Cell
1583	:Cell
4308	:Cell
1978	:Cell
3031	:Cell
2545	:Cell
3712	:Cell
4226	:Cell
648	:Cell
2971	:Cell
4742	:Cell
2215	:Cell
4202	:Cell
647	:Cell
2268	:Cell
2068	:Cell
2089	:Cell
2348	:Cell
4632	:Cell
3716	:Cell
2493	:Cell
2794	:Cell
4049	:Cell
2121	:Cell
4509	:Cell
4768	:Cell
3367	:Cell
3761	:Cell
2450	:Cell
2249	:Cell
676	:Cell
2208	:Cell
4213	:Cell
4584	:Cell
586	:Cell
4719	:Cell
2077	:Cell
3990	:Cell
2234	:Cell
2209	:Cell
2114	:Cell
2235	:Cell
3972	:Cell
4475	:Cell
2484	:Cell
4605	:Cell
2170	:Cell
4792	:Cell
4513	:Cell
3960	:Cell
2017	:Cell
344	:Cell
3513	:Cell
2159	:Cell
4033	:Cell
2762	:Cell
3706	:Cell
3835	:Cell
3770	:Cell
4957	:Cell
1991	:Cell
2100	:Cell
3477	:Cell
3920	:Cell
247	:Cell
4078	:Cell
4361	:Cell
2791	:Cell
1605	:Cell
3642	:Cell
4268	:Cell
4146	:Cell
675	:Cell
2352	:Cell
668	:Cell
2240	:Cell
2517	:Cell
5096	:Cell
5059	:Cell
2078	:Cell
2778	:Cell
3768	:Cell
3394	:Cell
1965	:Cell
3742	:Cell
2359	:Cell
2467	:Cell
2045	:Cell
3759	:Cell
3751	:Cell
3420	:Cell
3988	:Cell
2457	:Cell
4837	:Cell
1435	:Cell
4261	:Cell
1968	:Cell
1438	:Cell
4100	:Cell
211	:Cell
4012	:Cell
215	:Cell
2430	:Cell
11	:Cell
4545	:Cell
4444	:Cell
4252	:Cell
2190	:Cell
2475	:Cell
4790	:Cell
4550	:Cell
3048	:Cell
3875	:Cell
4173	:Cell
2434	:Cell
3904	:Cell
2232	:Cell
2525	:Cell
3741	:Cell
2098	:Cell
1265	:Chair:Furniture
3541	:Cell
1619	:Cell
2218	:Cell
4145	:Cell
3366	:Cell
186	:Cell
1966	:Cell
2081	:Cell
2465	:Cell
2256	:Cell
2472	:Cell
3018	:Cell
3058	:Cell
3001	:Cell
3396	:Cell
4304	:Cell
2293	:Cell
4470	:Cell
3633	:Cell
4366	:Cell
1988	:Cell
3864	:Cell
3849	:Cell
2192	:Cell
2995	:Cell
2358	:Cell
3398	:Cell
2312	:Cell
3509	:Cell
4156	:Cell
4439	:Cell
2339	:Cell
3681	:Cell
3056	:Cell
581	:Cell
2290	:Cell
3853	:Cell
4147	:Cell
5083	:Cell
4626	:Cell
2763	:Cell
3711	:Cell
2229	:Cell
2131	:Cell
3049	:Cell
4242	:Cell
3692	:Cell
2197	:Cell
2413	:Cell
3940	:Cell
4432	:Cell
4884	:Cell
1884	:Cell
59	:Cell
1464	:Cell
3794	:Cell
3582	:Cell
591	:Cell
4065	:Cell
3451	:Cell
3037	:Cell
4020	:Cell
1986	:Cell
2818	:Cell
3032	:Cell
3811	:Cell
3971	:Cell
4332	:Cell
4134	:Cell
4839	:Cell
2342	:Cell
2479	:Cell
367	:Cell
3814	:Cell
1617	:Cell
4101	:Cell
4651	:Cell
201	:Cell
3774	:Cell
5082	:Cell
4628	:Cell
4185	:Cell
4427	:Cell
2814	:Cell
2463	:Cell
3730	:Cell
2179	:Cell
3673	:Cell
2281	:Cell
2088	:Cell
3842	:Cell
4331	:Cell
3016	:Cell
4654	:Cell
4811	:Cell
2288	:Cell
4267	:Cell
5049	:Cell
3825	:Cell
2075	:Cell
1589	:Cell
2233	:Cell
4767	:Cell
3791	:Cell
2255	:Cell
2012	:Cell
2230	:Cell
2523	:Cell
3902	:Cell
1597	:Cell
2331	:Cell
3012	:Cell
2316	:Cell
4250	:Cell
4383	:Cell
4011	:Cell
3361	:Cell
2097	:Cell
2283	:Cell
2101	:Cell
2212	:Cell
198	:Cell
2039	:Cell
4433	:Cell
2822	:Cell
3306	:Cell
2335	:Cell
4143	:Cell
4311	:Cell
3941	:Cell
3750	:Cell
4343	:Cell
3767	:Cell
3055	:Cell
3933	:Cell
2786	:Cell
1956	:Cell
4604	:Cell
3458	:Cell
2320	:Cell
3376	:Cell
4063	:Cell
2300	:Cell
3505	:Cell
2079	:Cell
2274	:Cell
2172	:Cell
4479	:Cell
3948	:Cell
4322	:Cell
2337	:Cell
4533	:Cell
1874	:Cell
3793	:Cell
3749	:Cell
4697	:Cell
2014	:Cell
4408	:Cell
4076	:Cell
4290	:Cell
3382	:Cell
2799	:Cell
2323	:Cell
210	:Cell
4180	:Cell
2524	:Cell
2303	:Cell
3881	:Cell
3806	:Cell
5095	:Cell
4391	:Cell
4034	:Cell
3395	:Cell
2128	:Cell
3866	:Cell
4074	:Cell
180	:Cell
2483	:Cell
2236	:Cell
3771	:Cell
2510	:Cell
1887	:Cell
2443	:Cell
4116	:Cell
3052	:Cell
3955	:Cell
2095	:Cell
1462	:Cell
2530	:Cell
5056	:Cell
4388	:Cell
2732	:Cell
2543	:Cell
4028	:Cell
5038	:Cell
3913	:Cell
3534	:Cell
3962	:Cell
3215	:Cell
2251	:Cell
2257	:Cell
2502	:Cell
3641	:Cell
2040	:Cell
3035	:Cell
2750	:Cell
4793	:Cell
3011	:Cell
2736	:Cell
4075	:Cell
4440	:Cell
2436	:Cell
3874	:Cell
3601	:Cell
3523	:Cell
2053	:Cell
2202	:Cell
4301	:Cell
203	:Cell
3178	:Cell
2393	:Cell
3852	:Cell
4269	:Cell
3551	:Cell
2102	:Cell
4510	:Cell
3745	:Cell
3489	:Cell
3565	:Cell
2468	:Cell
3053	:Cell
4050	:Cell
2315	:Cell
279	:Cell
174	:Cell
4067	:Cell
3789	:Cell
3365	:Cell
1990	:Cell
295	:Cell
4872	:Cell
2866	:Cell
3710	:Cell
3813	:Cell
2546	:Cell
4310	:Cell
3640	:Cell
3954	:Cell
2139	:Cell
2222	:Cell
1958	:Cell
2308	:Cell
2299	:Cell
2022	:Cell
2540	:Cell
5050	:Cell
2298	:Cell
2155	:Cell
4224	:Cell
1994	:Cell
5058	:Cell
3630	:Cell
3380	:Cell
2829	:Cell
505	:Cell
2486	:Cell
2501	:Cell
2254	:Cell
4309	:Cell
1883	:Cell
4421	:Cell
3889	:Cell
4603	:Cell
2522	:Cell
2396	:Cell
2151	:Cell
4744	:Cell
2349	:Cell
3865	:Cell
2470	:Cell
1287	:Chair:Furniture
2219	:Cell
4117	:Cell
1997	:Cell
262	:Cell
2399	:Cell
4794	:Cell
3906	:Cell
202	:Cell
3980	:Cell
192	:Cell
5057	:Cell
4183	:Cell
2480	:Cell
3462	:Cell
2158	:Cell
3991	:Cell
3559	:Cell
4944	:Cell
2214	:Cell
5093	:Cell
629	:Cell
4610	:Cell
2123	:Cell
3943	:Cell
4791	:Cell
3862	:Cell
3758	:Cell
3421	:Cell
3863	:Cell
3851	:Cell
2466	:Cell
3867	:Cell
2047	:Cell
1272	:Chair:Furniture
3567	:Cell
1241	:Chair:Furniture
2506	:Cell
2069	:Cell
2444	:Cell
4473	:Cell
2351	:Cell
3206	:Cell
2291	:Cell
4040	:Cell
5053	:Cell
4013	:Cell
3930	:Cell
2122	:Cell
2487	:Cell
2494	:Cell
3996	:Cell
3428	:Cell
3753	:Cell
4153	:Cell
4303	:Cell
3824	:Cell
2336	:Cell
3757	:Cell
3900	:Cell
240	:Cell
3838	:Cell
4426	:Cell
2160	:Cell
4122	:Cell
4154	:Cell
3805	:Cell
4766	:Cell
667	:Cell
4695	:Cell
3256	:Cell
2415	:Cell
4142	:Cell
254	:Cell
371	:Cell
3861	:Cell
3726	:Cell
637	:Cell
3781	:Cell
2437	:Cell
3287	:Cell
5031	:Cell
2153	:Cell
176	:Cell
4223	:Cell
179	:Cell
1248	:Chair:Furniture
2311	:Cell
3493	:Cell
2391	:Cell
3359	:Cell
694	:Cell
3286	:Cell
2473	:Cell
3901	:Cell
3756	:Cell
3341	:Cell
4321	:Cell
4069	:Cell
1959	:Cell
5055	:Cell
2252	:Cell
3916	:Cell
1963	:Cell
5048	:Cell
5074	:Cell
4174	:Cell
4010	:Cell
2499	:Cell
3422	:Cell
216	:Cell
3680	:Cell
2747	:Cell
4232	:Cell
3015	:Cell
2223	:Cell
2302	:Cell
2173	:Cell
2865	:Cell
2507	:Cell
4266	:Cell
4958	:Cell
4002	:Cell
2133	:Cell
2149	:Cell
4838	:Cell
3020	:Cell
2453	:Cell
3307	:Cell
4119	:Cell
310	:Cell
4397	:Cell
3929	:Cell
2354	:Cell
4035	:Cell
4720	:Cell
4144	:Cell
282	:Cell
4580	:Cell
2980	:Cell
3795	:Cell
3476	:Cell
2018	:Cell
4435	:Cell
126	:Cell
2792	:Cell
2338	:Cell
2402	:Cell
3801	:Cell
3969	:Cell
3224	:Cell
3547	:Cell
283	:Cell
2275	:Cell
238	:Cell
4436	:Cell
3318	:Cell
4385	:Cell
2521	:Cell
3832	:Cell
2388	:Cell
2294	:Cell
2132	:Cell
1463	:Cell
3839	:Cell
2152	:Cell
3992	:Cell
3682	:Cell
4413	:Cell
2004	:Cell
4212	:Cell
4115	:Cell
1260	:Chair:Furniture
3423	:Cell
2520	:Cell
2201	:Cell
4150	:Cell
3000	:Cell
2448	:Cell
3555	:Cell
3891	:Cell
4673	:Cell
4430	:Cell
3397	:Cell
1950	:Cell
4395	:Cell
2529	:Cell
628	:Cell
2787	:Cell
4292	:Cell
2176	:Cell
2428	:Cell
4927	:Cell
135	:Cell
3748	:Cell
5033	:Cell
3598	:Cell
5076	:Cell
3542	:Cell
3554	:Cell
1838	:Cell
4480	:Cell
2048	:Cell
4461	:Cell
712	:Cell
2411	:Cell
2449	:Cell
613	:Cell
3772	:Cell
2526	:Cell
4652	:Cell
2790	:Cell
2395	:Cell
3450	:Cell
2330	:Cell
3879	:Cell
4333	:Cell
3691	:Cell
4787	:Cell
2301	:Cell
2433	:Cell
3907	:Cell
657	:Cell
3729	:Cell
2438	:Cell
3961	:Cell
3472	:Cell
4070	:Cell
2015	:Cell
4500	:Cell
3833	:Cell
582	:Cell
3500	:Cell
4039	:Cell
2044	:Cell
3973	:Cell
2198	:Cell
4619	:Cell
4712	:Cell
299	:Cell
1995	:Cell
2007	:Cell
2418	:Cell
3628	:Cell
3773	:Cell
3995	:Cell
4282	:Cell
4465	:Cell
2536	:Cell
4225	:Cell
3418	:Cell
2196	:Cell
4859	:Cell
2333	:Cell
2080	:Cell
4696	:Cell
4087	:Cell
1967	:Cell
2464	:Cell
2023	:Cell
614	:Cell
3802	:Cell
4046	:Cell
2680	:Cell
2181	:Cell
3970	:Cell
3295	:Cell
3480	:Cell
3573	:Cell
2503	:Cell
3785	:Cell
3481	:Cell
2067	:Cell
3672	:Cell
2115	:Cell
656	:Cell
3278	:Cell
2417	:Cell
671	:Cell
5029	:Cell
4090	:Cell
4130	:Cell
2516	:Cell
4447	:Cell
4227	:Cell
3351	:Cell
4344	:Cell
4009	:Cell
3799	:Cell
2140	:Cell
3527	:Cell
236	:Cell
655	:Cell
4453	:Cell
4108	:Cell
4220	:Cell
4170	:Cell
3671	:Cell
5080	:Cell
249	:Cell
1951	:Cell
4133	:Cell
4320	:Cell
4190	:Cell
2237	:Cell
4149	:Cell
2280	:Cell
4329	:Cell
5002	:Cell
4251	:Cell
617	:Cell
360	:Cell
2340	:Cell
5004	:Cell
2093	:Cell
2020	:Cell
4573	:Cell
2318	:Cell
2319	:Cell
303	:Cell
3412	:Cell
2360	:Cell
4114	:Cell
2194	:Cell
2414	:Cell
2119	:Cell
430	:Cell
3557	:Cell
4068	:Cell
4182	:Cell
2500	:Cell
4873	:Cell
3350	:Cell
3931	:Cell
3812	:Cell
5054	:Cell
502	:Cell
4765	:Cell
2455	:Cell
4722	:Cell
4323	:Cell
3880	:Cell
2027	:Cell
3457	:Cell
609	:Cell
3579	:Cell
3847	:Cell
1949	:Cell
3600	:Cell
4273	:Cell
4036	:Cell
3519	:Cell
653	:Cell
3383	:Cell
2082	:Cell
4653	:Cell
4889	:Cell
4860	:Cell
4072	:Cell
4650	:Cell
2116	:Cell
4540	:Cell
4001	:Cell
1490	:Cell
2174	:Cell
3844	:Cell
4422	:Cell
2071	:Cell
200	:Cell
4849	:Cell
2052	:Cell
205	:Cell
695	:Cell
4542	:Cell
4396	:Cell
3903	:Cell
4162	:Cell
4883	:Cell
4488	:Cell
3491	:Cell
2329	:Cell
4629	:Cell
5051	:Cell
2412	:Cell
2725	:Cell
2006	:Cell
493	:Cell
3821	:Cell
204	:Cell
2751	:Cell
4203	:Cell
2541	:Cell
2867	:Cell
4342	:Cell
368	:Cell
633	:Cell
2504	:Cell
3566	:Cell
3575	:Cell
423	:Cell
4272	:Cell
175	:Cell
4118	:Cell
2446	:Cell
4634	:Cell
3956	:Cell
4289	:Cell
2355	:Cell
2112	:Cell
4764	:Cell
5063	:Cell
3375	:Cell
4148	:Cell
307	:Cell
2289	:Cell
4169	:Cell
4186	:Cell
3328	:Cell
4233	:Cell
664	:Cell
4474	:Cell
4789	:Cell
4073	:Cell
4263	:Cell
3769	:Cell
1823	:Cell
2177	:Cell
2180	:Cell
2278	:Cell
190	:Cell
4885	:Cell
3905	:Cell
2456	:Cell
3550	:Cell
2011	:Cell
3454	:Cell
3669	:Cell
3487	:Cell
1436	:Cell
3848	:Cell
1989	:Cell
244	:Cell
2512	:Cell
3381	:Cell
4649	:Cell
1955	:Cell
4221	:Cell
2474	:Cell
2469	:Cell
4032	:Cell
2341	:Cell
3430	:Cell
3426	:Cell
2518	:Cell
2297	:Cell
217	:Cell
4241	:Cell
2220	:Cell
241	:Cell
352	:Cell
641	:Cell
2452	:Cell
2774	:Cell
3590	:Cell
314	:Cell
2271	:Cell
2400	:Cell
3766	:Cell
3333	:Cell
610	:Cell
4368	:Cell
4631	:Cell
3873	:Cell
4698	:Cell
4471	:Cell
4745	:Cell
1960	:Cell
2758	:Cell
2261	:Cell
4723	:Cell
189	:Cell
2296	:Cell
1259	:Chair:Furniture
3690	:Cell
3723	:Cell
3537	:Cell
660	:Cell
688	:Cell
5094	:Cell
3407	:Cell
3374	:Cell
3427	:Cell
4209	:Cell
3743	:Cell
4188	:Cell
2253	:Cell
2199	:Cell
3379	:Cell
2451	:Cell
3205	:Cell
3503	:Cell
3456	:Cell
672	:Cell
4437	:Cell
4414	:Cell
2746	:Cell
4582	:Cell
3719	:Cell
286	:Cell
3196	:Cell
3953	:Cell
4606	:Cell
2273	:Cell
2154	:Cell
2392	:Cell
2248	:Cell
3709	:Cell
5011	:Cell
3441	:Cell
4000	:Cell
4463	:Cell
2046	:Cell
4931	:Cell
191	:Cell
10	:Cell
3950	:Cell
5005	:Cell
4425	:Cell
150	:Cell
5034	:Cell
2389	:Cell
2447	:Cell
4926	:Cell
3621	:Cell
4478	:Cell
4384	:Cell
3815	:Cell
4031	:Cell
2189	:Cell
4399	:Cell
3786	:Cell
5097	:Cell
3987	:Cell
3797	:Cell
4104	:Cell
4086	:Cell
3050	:Cell
4553	:Cell
2117	:Cell
1837	:Cell
1875	:Cell
1983	:Cell
2279	:Cell
2537	:Cell
4102	:Cell
4826	:Cell
2171	:Cell
3629	:Cell
129	:Cell
3569	:Cell
2401	:Cell
2276	:Cell
3914	:Cell
3233	:Cell
620	:Cell
1262	:Chair:Furniture
2228	:Cell
438	:Cell
3912	:Cell
4511	:Cell
3670	:Cell
2099	:Cell
3419	:Cell
2427	:Cell
4434	:Cell
3754	:Cell
697	:Cell
237	:Cell
3549	:Cell
4155	:Cell
4925	:Cell
3747	:Cell
4483	:Cell
696	:Cell
2188	:Cell
1981	:Cell
4583	:Cell
2425	:Cell
3268	:Cell
4431	:Cell
2221	:Cell
2317	:Cell
2242	:Cell
4400	:Cell
4504	:Cell
2482	:Cell
4081	:Cell
4512	:Cell
4231	:Cell
5035	:Cell
2420	:Cell
4374	:Cell
3855	:Cell
3299	:Cell
2505	:Cell
3408	:Cell
2419	:Cell
3455	:Cell
12	:Cell
4882	:Cell
2334	:Cell
3787	:Cell
3501	:Cell
4260	:Cell
5077	:Cell
4810	:Cell
3810	:Cell
4083	:Cell
2489	:Cell
2309	:Cell
4386	:Cell
427	:Cell
3424	:Cell
4313	:Cell
3574	:Cell
4163	:Cell
3515	:Cell
2362	:Cell
4482	:Cell
2783	:Cell
606	:Cell
4367	:Cell
3556	:Cell
1957	:Cell
3618	:Cell
3459	:Cell
504	:Cell
2519	:Cell
4586	:Cell
364	:Cell
2169	:Cell
4082	:Cell
3798	:Cell
2136	:Cell
644	:Cell
20	:Cell
4093	:Cell
5006	:Cell
3521	:Cell
4933	:Cell
3334	:Cell
3845	:Cell
3944	:Cell
2013	:Cell
605	:Cell
2754	:Cell
4140	:Cell
2162	:Cell
4487	:Cell
4021	:Cell
608	:Cell
4607	:Cell
3597	:Cell
4062	:Cell
2462	:Cell
5081	:Cell
177	:Cell
1253	:Chair:Furniture
640	:Cell
2243	:Cell
2103	:Cell
3578	:Cell
2054	:Cell
4905	:Cell
457	:Cell
3808	:Cell
4677	:Cell
4494	:Cell
3329	:Cell
3277	:Cell
2432	:Cell
3591	:Cell
682	:Cell
3526	:Cell
4690	:Cell
1879	:Cell
228	:Cell
2049	:Cell
2527	:Cell
3525	:Cell
2025	:Cell
3392	:Cell
4105	:Cell
4903	:Cell
3502	:Cell
2120	:Cell
3305	:Cell
1979	:Cell
3572	:Cell
3800	:Cell
3854	:Cell
4449	:Cell
4023	:Cell
4655	:Cell
3377	:Cell
2310	:Cell
60	:Cell
3796	:Cell
4507	:Cell
3223	:Cell
2262	:Cell
3762	:Cell
3946	:Cell
2811	:Cell
5030	:Cell
2008	:Cell
4291	:Cell
4025	:Cell
3589	:Cell
3782	:Cell
2429	:Cell
3822	:Cell
3932	:Cell
4042	:Cell
3840	:Cell
2788	:Cell
2156	:Cell
4880	:Cell
636	:Cell
4043	:Cell
4112	:Cell
4502	:Cell
5072	:Cell
4438	:Cell
4346	:Cell
2178	:Cell
588	:Cell
4312	:Cell
2135	:Cell
391	:Cell
3765	:Cell
1465	:Cell
4990	:Cell
2092	:Cell
2239	:Cell
2195	:Cell
1247	:Chair:Furniture
2691	:Cell
3596	:Cell
3989	:Cell
3452	:Cell
3809	:Cell
3516	:Cell
678	:Cell
162	:Cell
2726	:Cell
2481	:Cell
4330	:Cell
4609	:Cell
265	:Cell
363	:Cell
2073	:Cell
4503	:Cell
3378	:Cell
2137	:Cell
3364	:Cell
3543	:Cell
5075	:Cell
4857	:Cell
2083	:Cell
229	:Cell
3908	:Cell
4341	:Cell
3807	:Cell
278	:Cell
3829	:Cell
4369	:Cell
3580	:Cell
4835	:Cell
5091	:Cell
3356	:Cell
3524	:Cell
3981	:Cell
2780	:Cell
4355	:Cell
4858	:Cell
2295	:Cell
4193	:Cell
2258	:Cell
3986	:Cell
4771	:Cell
250	:Cell
3532	:Cell
3823	:Cell
1969	:Cell
3327	:Cell
5046	:Cell
4398	:Cell
4743	:Cell
3949	:Cell
4080	:Cell
4788	:Cell
3652	:Cell
4630	:Cell
4489	:Cell
1985	:Cell
4986	:Cell
2445	:Cell
621	:Cell
4253	:Cell
2175	:Cell
3617	:Cell
3486	:Cell
3911	:Cell
1610	:Cell
5078	:Cell
4307	:Cell
4929	:Cell
3492	:Cell
2547	:Cell
3533	:Cell
3446	:Cell
4429	:Cell
3599	:Cell
2779	:Cell
2538	:Cell
5047	:Cell
3945	:Cell
2722	:Cell
2784	:Cell
193	:Cell
4316	:Cell
4024	:Cell
5001	:Cell
4345	:Cell
2134	:Cell
3667	:Cell
1299	:Chair:Furniture
4748	:Cell
3179	:Cell
3850	:Cell
3393	:Cell
4079	:Cell
3188	:Cell
1254	:Chair:Furniture
3860	:Cell
4700	:Cell
4157	:Cell
4501	:Cell
2549	:Cell
4123	:Cell
3826	:Cell
5071	:Cell
387	:Cell
3484	:Cell
4549	:Cell
4543	:Cell
3947	:Cell
2815	:Cell
3545	:Cell
1996	:Cell
3993	:Cell
4956	:Cell
4879	:Cell
256	:Cell
4678	:Cell
3483	:Cell
4370	:Cell
4934	:Cell
3461	:Cell
3760	:Cell
3721	:Cell
3425	:Cell
4132	:Cell
2113	:Cell
652	:Cell
1953	:Cell
4381	:Cell
2042	:Cell
3460	:Cell
2492	:Cell
4506	:Cell
2332	:Cell
1251	:Chair:Furniture
4052	:Cell
4424	:Cell
4534	:Cell
3841	:Cell
2200	:Cell
3783	:Cell
4469	:Cell
4141	:Cell
3755	:Cell
5000	:Cell
2454	:Cell
3984	:Cell
500	:Cell
3242	:Cell
2511	:Cell
2051	:Cell
4026	:Cell
4989	:Cell
2024	:Cell
4110	:Cell
584	:Cell
679	:Cell
3535	:Cell
214	:Cell
3707	:Cell
691	:Cell
4741	:Cell
2055	:Cell
5064	:Cell
285	:Cell
3576	:Cell
5032	:Cell
1250	:Chair:Furniture
4955	:Cell
4061	:Cell
3650	:Cell
5079	:Cell
3651	:Cell
356	:Cell
4546	:Cell
5036	:Cell
1888	:Cell
3536	:Cell
4466	:Cell
4373	:Cell
5010	:Cell
3544	:Cell
181	:Cell
276	:Cell
5066	:Cell
3439	:Cell
2775	:Cell
5009	:Cell
2143	:Cell
3518	:Cell
375	:Cell
3404	:Cell
3608	:Cell
2528	:Cell
2390	:Cell
2157	:Cell
2009	:Cell
4812	:Cell
3868	:Cell
3512	:Cell
4060	:Cell
1641	:Cell
2074	:Cell
2050	:Cell
3744	:Cell
2038	:Cell
3443	:Cell
583	:Cell
4464	:Cell
4688	:Cell
1466	:Cell
3668	:Cell
3587	:Cell
4356	:Cell
3583	:Cell
3558	:Cell
199	:Cell
645	:Cell
188	:Cell
4264	:Cell
3689	:Cell
2491	:Cell
3488	:Cell
3830	:Cell
3438	:Cell
4907	:Cell
3731	:Cell
4326	:Cell
4998	:Cell
632	:Cell
3733	:Cell
3414	:Cell
4305	:Cell
178	:Cell
4027	:Cell
4249	:Cell
4441	:Cell
4633	:Cell
3335	:Cell
2260	:Cell
3522	:Cell
3373	:Cell
3386	:Cell
235	:Cell
416	:Cell
3653	:Cell
1962	:Cell
4906	:Cell
4954	:Cell
2238	:Cell
3746	:Cell
4902	:Cell
163	:Cell
1980	:Cell
2442	:Cell
3444	:Cell
2539	:Cell
3410	:Cell
1954	:Cell
612	:Cell
4300	:Cell
4959	:Cell
4030	:Cell
3564	:Cell
2314	:Cell
441	:Cell
3269	:Cell
322	:Cell
4642	:Cell
3490	:Cell
3326	:Cell
624	:Cell
3982	:Cell
4175	:Cell
1266	:Chair:Furniture
1999	:Cell
4585	:Cell
2733	:Cell
1871	:Cell
3409	:Cell
4443	:Cell
4589	:Cell
3197	:Cell
379	:Cell
3921	:Cell
4703	:Cell
1970	:Cell
4711	:Cell
4672	:Cell
4196	:Cell
3586	:Cell
1976	:Cell
4293	:Cell
4448	:Cell
3983	:Cell
4460	:Cell
2544	:Cell
3870	:Cell
3869	:Cell
4679	:Cell
19	:Cell
3788	:Cell
449	:Cell
4481	:Cell
659	:Cell
187	:Cell
661	:Cell
2072	:Cell
3548	:Cell
3405	:Cell
1982	:Cell
4409	:Cell
2231	:Cell
4064	:Cell
3892	:Cell
2350	:Cell
3469	:Cell
3775	:Cell
4071	:Cell
3784	:Cell
720	:Cell
4689	:Cell
4813	:Cell
1584	:Cell
3214	:Cell
3313	:Cell
2322	:Cell
3187	:Cell
599	:Cell
453	:Cell
4454	:Cell
3413	:Cell
4423	:Cell
4928	:Cell
3520	:Cell
2277	:Cell
3994	:Cell
2548	:Cell
4462	:Cell
2782	:Cell
3411	:Cell
2676	:Cell
3508	:Cell
2041	:Cell
4627	:Cell
2010	:Cell
3354	:Cell
4380	:Cell
4953	:Cell
1614	:Cell
4092	:Cell
3827	:Cell
2272	:Cell
2755	:Cell
3468	:Cell
3693	:Cell
419	:Cell
253	:Cell
3910	:Cell
4113	:Cell
3445	:Cell
4476	:Cell
2263	:Cell
651	:Cell
4961	:Cell
4699	:Cell
2026	:Cell
643	:Cell
3843	:Cell
4881	:Cell
4833	:Cell
4262	:Cell
3298	:Cell
3449	:Cell
3429	:Cell
3828	:Cell
674	:Cell
2488	:Cell
1993	:Cell
4909	:Cell
3471	:Cell
860	:Level
4721	:Cell
687	:Cell
686	:Cell
1971	:Cell
4022	:Cell
4455	:Cell
2361	:Cell
4029	:Cell
348	:Cell
2141	:Cell
4701	:Cell
4094	:Cell
4676	:Cell
3609	:Cell
3385	:Cell
4904	:Cell
318	:Cell
3952	:Cell
224	:Cell
1220	:Chair:Furniture
4394	:Cell
4109	:Cell
4836	:Cell
4041	:Cell
4051	:Cell
277	:Cell
4674	:Cell
4505	:Cell
1542	:Cell
3229	:Cell
3720	:Cell
4420	:Cell
3610	:Cell
4856	:Cell
3372	:Cell
4932	:Cell
3951	:Cell
2163	:Cell
4702	:Cell
3722	:Cell
4472	:Cell
212	:Cell
4357	:Cell
683	:Cell
3780	:Cell
3312	:Cell
4477	:Cell
684	:Cell
4222	:Cell
5092	:Cell
2259	:Cell
3440	:Cell
3417	:Cell
5060	:Cell
2531	:Cell
4265	:Cell
383	:Cell
3577	:Cell
3985	:Cell
4091	:Cell
5037	:Cell
649	:Cell
5012	:Cell
3232	:Cell
4382	:Cell
2148	:Cell
4937	:Cell
252	:Cell
4774	:Cell
3238	:Cell
3732	:Cell
4514	:Cell
4596	:Cell
3384	:Cell
1563	:Cell
1998	:Cell
4960	:Cell
3909	:Cell
3820	:Cell
4495	:Cell
3470	:Cell
3485	:Cell
1243	:Chair:Furniture
2677	:Cell
4340	:Cell
3437	:Cell
1948	:Cell
4302	:Cell
3348	:Cell
1961	:Cell
3340	:Cell
3453	:Cell
2659	:Cell
3620	:Cell
3619	:Cell
625	:Cell
3740	:Cell
4614	:Cell
4306	:Cell
4999	:Cell
3406	:Cell
2168	:Cell
3436	:Cell
4675	:Cell
1952	:Cell
4965	:Cell
2070	:Cell
616	:Cell
3649	:Cell
4608	:Cell
4111	:Cell
501	:Cell
445	:Cell
5065	:Cell
3353	:Cell
3708	:Cell
434	:Cell
1244	:Chair:Furniture
3507	:Cell
4354	:Cell
18	:Cell
2321	:Cell
4393	:Cell
3588	:Cell
4572	:Cell
3349	:Cell
680	:Cell
2142	:Cell
4725	:Cell
3352	:Cell
1236	:Chair:Furniture
3517	:Cell
1596	:Cell
663	:Cell
4410	:Cell
4724	:Cell
4908	:Cell
3027	:Cell
4656	:Cell
1886	:Cell
2021	:Cell
3043	:Cell
1594	:Cell
4985	:Cell
1222	:Chair:Furniture
1612	:Cell
1657	:Cell
1618	:Cell
239	:Cell
1882	:Cell
2989	:Cell
1574	:Cell
3019	:Cell
1595	:Cell
2988	:Cell
1652	:Cell
1547	:Cell
1611	:Cell
1885	:Cell
3003	:Cell
1632	:Cell
1238	:Chair:Furniture
1285	:Chair:Furniture
1613	:Cell
2987	:Cell
1237	:Chair:Furniture
1878	:Cell
1298	:Chair:Furniture
1873	:Cell
1590	:Cell
3038	:Cell
3042	:Cell
1876	:Cell
1235	:Chair:Furniture
257	:Cell
1221	:Chair:Furniture
251	:Cell
2793	:Cell
1568	:Cell
1297	:Chair:Furniture
281	:Cell
242	:Cell
284	:Cell
1880	:Cell
1877	:Cell
1300	:Chair:Furniture
1673	:Cell
3005	:Cell
1188	:DiningTable:Furniture
1631	:Cell
243	:Cell
255	:Cell
1526	:Cell
3004	:Cell
1219	:Chair:Furniture
1881	:Cell
506	:Cell
503	:Cell
1202	:DiningTable:Furniture
280	:Cell
1872	:Cell
507	:Cell
258	:Cell
1294	:Chair:Furniture
1264	:Chair:Furniture
1249	:Chair:Furniture
1261	:Chair:Furniture
1271	:Chair:Furniture
1252	:Chair:Furniture
1149	:HandRail:Wall
1280	:Chair:Furniture
1283	:Chair:Furniture
1274	:Chair:Furniture
1291	:Chair:Furniture
1277	:Chair:Furniture
1279	:Chair:Furniture
1310	:Chair:Furniture
1278	:Chair:Furniture
1288	:Chair:Furniture
1296	:Chair:Furniture
1315	:Chair:Furniture
1290	:Chair:Furniture
1295	:Chair:Furniture
1230	:Chair:Furniture
1293	:Chair:Furniture
1268	:Chair:Furniture
1239	:Chair:Furniture
1228	:Chair:Furniture
1255	:Chair:Furniture
1269	:Chair:Furniture
1246	:Chair:Furniture
1240	:Chair:Furniture
1245	:Chair:Furniture
1270	:Chair:Furniture
1267	:Chair:Furniture
1256	:Chair:Furniture
1258	:Chair:Furniture
1257	:Chair:Furniture
1284	:Chair:Furniture
1309	:Chair:Furniture
1292	:Chair:Furniture
1273	:Chair:Furniture
1316	:Chair:Furniture
1227	:Chair:Furniture
1231	:Chair:Furniture
1229	:Chair:Furniture
1233	:Chair:Furniture
1282	:Chair:Furniture
7583	others
1281	:Chair:Furniture
1276	:Chair:Furniture
1289	:Chair:Furniture
1275	:Chair:Furniture
1232	:Chair:Furniture
1234	:Chair:Furniture
865	others
